{
    "variable": [
        {
            "id": "baseUrl",
            "key": "baseUrl",
            "type": "string",
            "name": "string",
            "value": "http:\/\/localhost"
        }
    ],
    "info": {
        "name": "Organisation  Member Management System REST-API",
        "_postman_id": "f440f98a-7899-4aa0-9e51-0a25a02b6483",
        "description": "Organisation  Member Management System - Interview application",
        "schema": "https:\/\/schema.getpostman.com\/json\/collection\/v2.1.0\/collection.json"
    },
    "item": [
        {
            "name": "Endpoints",
            "description": "",
            "item": [
                {
                    "name": "Display Swagger API page.",
                    "request": {
                        "url": {
                            "host": "{{baseUrl}}",
                            "path": "api\/documentation",
                            "query": [],
                            "raw": "{{baseUrl}}\/api\/documentation"
                        },
                        "method": "GET",
                        "header": [
                            {
                                "key": "Content-Type",
                                "value": "application\/json"
                            },
                            {
                                "key": "Accept",
                                "value": "application\/json"
                            }
                        ],
                        "body": null,
                        "description": "",
                        "auth": {
                            "type": "noauth"
                        }
                    },
                    "response": [
                        {
                            "header": [
                                {
                                    "key": "cache-control",
                                    "value": "no-cache, private"
                                },
                                {
                                    "key": "content-type",
                                    "value": "application\/json"
                                },
                                {
                                    "key": "access-control-allow-origin",
                                    "value": "*"
                                }
                            ],
                            "code": 200,
                            "body": "<!DOCTYPE html>\n<html lang=\"en\">\n<head>\n    <meta charset=\"UTF-8\">\n    <title>L5 Swagger UI<\/title>\n    <link rel=\"stylesheet\" type=\"text\/css\" href=\"http:\/\/localhost\/docs\/asset\/swagger-ui.css?v=3fb53292764c7c9a0ee0928832bfbe54\">\n    <link rel=\"icon\" type=\"image\/png\" href=\"http:\/\/localhost\/docs\/asset\/favicon-32x32.png?v=40d4f2c38d1cd854ad463f16373cbcb6\" sizes=\"32x32\"\/>\n    <link rel=\"icon\" type=\"image\/png\" href=\"http:\/\/localhost\/docs\/asset\/favicon-16x16.png?v=f0ae831196d55d8f4115b6c5e8ec5384\" sizes=\"16x16\"\/>\n    <style>\n    html\n    {\n        box-sizing: border-box;\n        overflow: -moz-scrollbars-vertical;\n        overflow-y: scroll;\n    }\n    *,\n    *:before,\n    *:after\n    {\n        box-sizing: inherit;\n    }\n\n    body {\n      margin:0;\n      background: #fafafa;\n    }\n    <\/style>\n<\/head>\n\n<body>\n<div id=\"swagger-ui\"><\/div>\n\n<script src=\"http:\/\/localhost\/docs\/asset\/swagger-ui-bundle.js?v=33c03a3200a2896a44cf03aa482d3317\"><\/script>\n<script src=\"http:\/\/localhost\/docs\/asset\/swagger-ui-standalone-preset.js?v=f2e8d34c39f7b7a59647d27eedbb5a46\"><\/script>\n<script>\n    window.onload = function() {\n        \/\/ Build a system\n        const ui = SwaggerUIBundle({\n            dom_id: '#swagger-ui',\n            url: \"http:\/\/localhost\/docs\/api-docs.json\",\n            operationsSorter: null,\n            configUrl: null,\n            validatorUrl: null,\n            oauth2RedirectUrl: \"http:\/\/localhost\/api\/oauth2-callback\",\n\n            requestInterceptor: function(request) {\n                request.headers['X-CSRF-TOKEN'] = '';\n                return request;\n            },\n\n            presets: [\n                SwaggerUIBundle.presets.apis,\n                SwaggerUIStandalonePreset\n            ],\n\n            plugins: [\n                SwaggerUIBundle.plugins.DownloadUrl\n            ],\n\n            layout: \"StandaloneLayout\",\n            docExpansion : \"none\",\n            deepLinking: true,\n            filter: true,\n            persistAuthorization: \"false\",\n\n        })\n\n        window.ui = ui\n\n            }\n<\/script>\n<\/body>\n<\/html>\n",
                            "name": ""
                        }
                    ]
                },
                {
                    "name": "Display Oauth2 callback pages.",
                    "request": {
                        "url": {
                            "host": "{{baseUrl}}",
                            "path": "api\/oauth2-callback",
                            "query": [],
                            "raw": "{{baseUrl}}\/api\/oauth2-callback"
                        },
                        "method": "GET",
                        "header": [
                            {
                                "key": "Content-Type",
                                "value": "application\/json"
                            },
                            {
                                "key": "Accept",
                                "value": "application\/json"
                            }
                        ],
                        "body": null,
                        "description": "",
                        "auth": {
                            "type": "noauth"
                        }
                    },
                    "response": [
                        {
                            "header": [
                                {
                                    "key": "content-type",
                                    "value": "text\/html; charset=UTF-8"
                                },
                                {
                                    "key": "cache-control",
                                    "value": "no-cache, private"
                                },
                                {
                                    "key": "access-control-allow-origin",
                                    "value": "*"
                                }
                            ],
                            "code": 200,
                            "body": "<!doctype html>\n<html lang=\"en-US\">\n<head>\n    <title>Swagger UI: OAuth2 Redirect<\/title>\n<\/head>\n<body>\n<script>\n    'use strict';\n    function run () {\n        var oauth2 = window.opener.swaggerUIRedirectOauth2;\n        var sentState = oauth2.state;\n        var redirectUrl = oauth2.redirectUrl;\n        var isValid, qp, arr;\n\n        if (\/code|token|error\/.test(window.location.hash)) {\n            qp = window.location.hash.substring(1).replace('?', '&');\n        } else {\n            qp = location.search.substring(1);\n        }\n\n        arr = qp.split(\"&\");\n        arr.forEach(function (v,i,_arr) { _arr[i] = '\"' + v.replace('=', '\":\"') + '\"';});\n        qp = qp ? JSON.parse('{' + arr.join() + '}',\n                function (key, value) {\n                    return key === \"\" ? value : decodeURIComponent(value);\n                }\n        ) : {};\n\n        isValid = qp.state === sentState;\n\n        if ((\n          oauth2.auth.schema.get(\"flow\") === \"accessCode\" ||\n          oauth2.auth.schema.get(\"flow\") === \"authorizationCode\" ||\n          oauth2.auth.schema.get(\"flow\") === \"authorization_code\"\n        ) && !oauth2.auth.code) {\n            if (!isValid) {\n                oauth2.errCb({\n                    authId: oauth2.auth.name,\n                    source: \"auth\",\n                    level: \"warning\",\n                    message: \"Authorization may be unsafe, passed state was changed in server. The passed state wasn't returned from auth server.\"\n                });\n            }\n\n            if (qp.code) {\n                delete oauth2.state;\n                oauth2.auth.code = qp.code;\n                oauth2.callback({auth: oauth2.auth, redirectUrl: redirectUrl});\n            } else {\n                let oauthErrorMsg;\n                if (qp.error) {\n                    oauthErrorMsg = \"[\"+qp.error+\"]: \" +\n                        (qp.error_description ? qp.error_description+ \". \" : \"no accessCode received from the server. \") +\n                        (qp.error_uri ? \"More info: \"+qp.error_uri : \"\");\n                }\n\n                oauth2.errCb({\n                    authId: oauth2.auth.name,\n                    source: \"auth\",\n                    level: \"error\",\n                    message: oauthErrorMsg || \"[Authorization failed]: no accessCode received from the server.\"\n                });\n            }\n        } else {\n            oauth2.callback({auth: oauth2.auth, token: qp, isValid: isValid, redirectUrl: redirectUrl});\n        }\n        window.close();\n    }\n\n    if (document.readyState !== 'loading') {\n        run();\n    } else {\n        document.addEventListener('DOMContentLoaded', function () {\n            run();\n        });\n    }\n<\/script>\n<\/body>\n<\/html>\n",
                            "name": ""
                        }
                    ]
                },
                {
                    "name": "GET api\/user",
                    "request": {
                        "url": {
                            "host": "{{baseUrl}}",
                            "path": "api\/user",
                            "query": [],
                            "raw": "{{baseUrl}}\/api\/user"
                        },
                        "method": "GET",
                        "header": [
                            {
                                "key": "Content-Type",
                                "value": "application\/json"
                            },
                            {
                                "key": "Accept",
                                "value": "application\/json"
                            }
                        ],
                        "body": null,
                        "description": "",
                        "auth": {
                            "type": "noauth"
                        }
                    },
                    "response": [
                        {
                            "header": [
                                {
                                    "key": "cache-control",
                                    "value": "no-cache, private"
                                },
                                {
                                    "key": "content-type",
                                    "value": "application\/json"
                                },
                                {
                                    "key": "access-control-allow-origin",
                                    "value": "*"
                                }
                            ],
                            "code": 401,
                            "body": "{\"message\":\"Unauthenticated.\"}",
                            "name": ""
                        }
                    ]
                },
                {
                    "name": "Retrieve all members as a JSON resource collection.",
                    "request": {
                        "url": {
                            "host": "{{baseUrl}}",
                            "path": "api\/v1\/members",
                            "query": [],
                            "raw": "{{baseUrl}}\/api\/v1\/members"
                        },
                        "method": "GET",
                        "header": [
                            {
                                "key": "Content-Type",
                                "value": "application\/json"
                            },
                            {
                                "key": "Accept",
                                "value": "application\/json"
                            }
                        ],
                        "body": null,
                        "description": "",
                        "auth": {
                            "type": "noauth"
                        }
                    },
                    "response": [
                        {
                            "header": [
                                {
                                    "key": "cache-control",
                                    "value": "no-cache, private"
                                },
                                {
                                    "key": "content-type",
                                    "value": "application\/json"
                                },
                                {
                                    "key": "x-ratelimit-limit",
                                    "value": "60"
                                },
                                {
                                    "key": "x-ratelimit-remaining",
                                    "value": "59"
                                },
                                {
                                    "key": "access-control-allow-origin",
                                    "value": "*"
                                }
                            ],
                            "code": 200,
                            "body": "{\"data\":[{\"id\":1,\"first_name\":\"Kudakwashe\",\"last_name\":\"Chipangura\",\"email\":\"kcchipangura@gmail.com\",\"phone_number\":\"+263783046041\",\"birth_date\":null,\"address\":\"9337 Kuwadzana Phase 3 Harare\\r\\nResidential\",\"gender\":\"male\",\"created_at\":\"2024-01-23T14:25:23.000000Z\",\"updated_at\":\"2024-01-23T14:25:23.000000Z\"},{\"id\":2,\"first_name\":\"Linda\",\"last_name\":\"Chipangura\",\"email\":\"lchipangura@gmail.com\",\"phone_number\":\"+263783046041\",\"birth_date\":null,\"address\":\"9337 Kuwadzana Phase 3 Harare\\r\\nResidential\",\"gender\":\"male\",\"created_at\":\"2024-01-23T14:54:11.000000Z\",\"updated_at\":\"2024-01-23T14:54:11.000000Z\"}]}",
                            "name": ""
                        }
                    ]
                },
                {
                    "name": "Retrieve a specific member by its ID as a JSON resource.",
                    "request": {
                        "url": {
                            "host": "{{baseUrl}}",
                            "path": "api\/v1\/members\/:id",
                            "query": [],
                            "raw": "{{baseUrl}}\/api\/v1\/members\/:id",
                            "variable": [
                                {
                                    "id": "id",
                                    "key": "id",
                                    "value": "1",
                                    "description": "The ID of the member."
                                }
                            ]
                        },
                        "method": "GET",
                        "header": [
                            {
                                "key": "Content-Type",
                                "value": "application\/json"
                            },
                            {
                                "key": "Accept",
                                "value": "application\/json"
                            }
                        ],
                        "body": null,
                        "description": "",
                        "auth": {
                            "type": "noauth"
                        }
                    },
                    "response": [
                        {
                            "header": [
                                {
                                    "key": "cache-control",
                                    "value": "no-cache, private"
                                },
                                {
                                    "key": "content-type",
                                    "value": "application\/json"
                                },
                                {
                                    "key": "x-ratelimit-limit",
                                    "value": "60"
                                },
                                {
                                    "key": "x-ratelimit-remaining",
                                    "value": "58"
                                },
                                {
                                    "key": "access-control-allow-origin",
                                    "value": "*"
                                }
                            ],
                            "code": 200,
                            "body": "{\"data\":{\"id\":1,\"first_name\":\"Kudakwashe\",\"last_name\":\"Chipangura\",\"email\":\"kcchipangura@gmail.com\",\"phone_number\":\"+263783046041\",\"birth_date\":null,\"address\":\"9337 Kuwadzana Phase 3 Harare\\r\\nResidential\",\"gender\":\"male\",\"created_at\":\"2024-01-23T14:25:23.000000Z\",\"updated_at\":\"2024-01-23T14:25:23.000000Z\"}}",
                            "name": ""
                        }
                    ]
                },
                {
                    "name": "Store a new member in the database and return it as a JSON resource.",
                    "request": {
                        "url": {
                            "host": "{{baseUrl}}",
                            "path": "api\/v1\/members",
                            "query": [],
                            "raw": "{{baseUrl}}\/api\/v1\/members"
                        },
                        "method": "POST",
                        "header": [
                            {
                                "key": "Content-Type",
                                "value": "application\/json"
                            },
                            {
                                "key": "Accept",
                                "value": "application\/json"
                            }
                        ],
                        "body": null,
                        "description": "",
                        "auth": {
                            "type": "noauth"
                        }
                    },
                    "response": []
                },
                {
                    "name": "Update an existing member in the database and return it as a JSON resource.",
                    "request": {
                        "url": {
                            "host": "{{baseUrl}}",
                            "path": "api\/v1\/members\/:id",
                            "query": [],
                            "raw": "{{baseUrl}}\/api\/v1\/members\/:id",
                            "variable": [
                                {
                                    "id": "id",
                                    "key": "id",
                                    "value": "1",
                                    "description": "The ID of the member."
                                }
                            ]
                        },
                        "method": "PUT",
                        "header": [
                            {
                                "key": "Content-Type",
                                "value": "application\/json"
                            },
                            {
                                "key": "Accept",
                                "value": "application\/json"
                            }
                        ],
                        "body": null,
                        "description": "",
                        "auth": {
                            "type": "noauth"
                        }
                    },
                    "response": []
                },
                {
                    "name": "Delete a member from the database.",
                    "request": {
                        "url": {
                            "host": "{{baseUrl}}",
                            "path": "api\/v1\/members\/:id",
                            "query": [],
                            "raw": "{{baseUrl}}\/api\/v1\/members\/:id",
                            "variable": [
                                {
                                    "id": "id",
                                    "key": "id",
                                    "value": "1",
                                    "description": "The ID of the member."
                                }
                            ]
                        },
                        "method": "DELETE",
                        "header": [
                            {
                                "key": "Content-Type",
                                "value": "application\/json"
                            },
                            {
                                "key": "Accept",
                                "value": "application\/json"
                            }
                        ],
                        "body": null,
                        "description": "",
                        "auth": {
                            "type": "noauth"
                        }
                    },
                    "response": []
                },
                {
                    "name": "Retrieve all member contributions as a JSON resource collection.",
                    "request": {
                        "url": {
                            "host": "{{baseUrl}}",
                            "path": "api\/v1\/members_contribution",
                            "query": [],
                            "raw": "{{baseUrl}}\/api\/v1\/members_contribution"
                        },
                        "method": "GET",
                        "header": [
                            {
                                "key": "Content-Type",
                                "value": "application\/json"
                            },
                            {
                                "key": "Accept",
                                "value": "application\/json"
                            }
                        ],
                        "body": null,
                        "description": "",
                        "auth": {
                            "type": "noauth"
                        }
                    },
                    "response": [
                        {
                            "header": [
                                {
                                    "key": "cache-control",
                                    "value": "no-cache, private"
                                },
                                {
                                    "key": "content-type",
                                    "value": "application\/json"
                                },
                                {
                                    "key": "x-ratelimit-limit",
                                    "value": "60"
                                },
                                {
                                    "key": "x-ratelimit-remaining",
                                    "value": "57"
                                },
                                {
                                    "key": "access-control-allow-origin",
                                    "value": "*"
                                }
                            ],
                            "code": 200,
                            "body": "{\"data\":[{\"member_id\":1,\"amount\":\"240.00\",\"package\":\"basic\"},{\"member_id\":2,\"amount\":\"1000.00\",\"package\":\"premium\"}]}",
                            "name": ""
                        }
                    ]
                },
                {
                    "name": "Retrieve a specific member contribution by its ID as a JSON resource.",
                    "request": {
                        "url": {
                            "host": "{{baseUrl}}",
                            "path": "api\/v1\/members_contribution\/:id",
                            "query": [],
                            "raw": "{{baseUrl}}\/api\/v1\/members_contribution\/:id",
                            "variable": [
                                {
                                    "id": "id",
                                    "key": "id",
                                    "value": "ut",
                                    "description": "The ID of the members contribution."
                                }
                            ]
                        },
                        "method": "GET",
                        "header": [
                            {
                                "key": "Content-Type",
                                "value": "application\/json"
                            },
                            {
                                "key": "Accept",
                                "value": "application\/json"
                            }
                        ],
                        "body": null,
                        "description": "",
                        "auth": {
                            "type": "noauth"
                        }
                    },
                    "response": [
                        {
                            "header": [
                                {
                                    "key": "cache-control",
                                    "value": "no-cache, private"
                                },
                                {
                                    "key": "content-type",
                                    "value": "application\/json"
                                },
                                {
                                    "key": "x-ratelimit-limit",
                                    "value": "60"
                                },
                                {
                                    "key": "x-ratelimit-remaining",
                                    "value": "56"
                                },
                                {
                                    "key": "access-control-allow-origin",
                                    "value": "*"
                                }
                            ],
                            "code": 500,
                            "body": "{\n    \"message\": \"SQLSTATE[22P02]: Invalid text representation: 7 ERROR:  invalid input syntax for type bigint: \\\"ut\\\"\\nCONTEXT:  unnamed portal parameter $1 = '...' (Connection: pgsql, SQL: select * from \\\"member_contributions\\\" where \\\"member_contributions\\\".\\\"id\\\" = ut limit 1)\",\n    \"exception\": \"Illuminate\\\\Database\\\\QueryException\",\n    \"file\": \"C:\\\\Users\\\\kudak\\\\OneDrive\\\\Documents\\\\GitHub\\\\Org_mgmnt_sys\\\\web_app\\\\vendor\\\\laravel\\\\framework\\\\src\\\\Illuminate\\\\Database\\\\Connection.php\",\n    \"line\": 822,\n    \"trace\": [\n        {\n            \"file\": \"C:\\\\Users\\\\kudak\\\\OneDrive\\\\Documents\\\\GitHub\\\\Org_mgmnt_sys\\\\web_app\\\\vendor\\\\laravel\\\\framework\\\\src\\\\Illuminate\\\\Database\\\\Connection.php\",\n            \"line\": 776,\n            \"function\": \"runQueryCallback\",\n            \"class\": \"Illuminate\\\\Database\\\\Connection\",\n            \"type\": \"->\"\n        },\n        {\n            \"file\": \"C:\\\\Users\\\\kudak\\\\OneDrive\\\\Documents\\\\GitHub\\\\Org_mgmnt_sys\\\\web_app\\\\vendor\\\\laravel\\\\framework\\\\src\\\\Illuminate\\\\Database\\\\Connection.php\",\n            \"line\": 407,\n            \"function\": \"run\",\n            \"class\": \"Illuminate\\\\Database\\\\Connection\",\n            \"type\": \"->\"\n        },\n        {\n            \"file\": \"C:\\\\Users\\\\kudak\\\\OneDrive\\\\Documents\\\\GitHub\\\\Org_mgmnt_sys\\\\web_app\\\\vendor\\\\laravel\\\\framework\\\\src\\\\Illuminate\\\\Database\\\\Query\\\\Builder.php\",\n            \"line\": 2751,\n            \"function\": \"select\",\n            \"class\": \"Illuminate\\\\Database\\\\Connection\",\n            \"type\": \"->\"\n        },\n        {\n            \"file\": \"C:\\\\Users\\\\kudak\\\\OneDrive\\\\Documents\\\\GitHub\\\\Org_mgmnt_sys\\\\web_app\\\\vendor\\\\laravel\\\\framework\\\\src\\\\Illuminate\\\\Database\\\\Query\\\\Builder.php\",\n            \"line\": 2740,\n            \"function\": \"runSelect\",\n            \"class\": \"Illuminate\\\\Database\\\\Query\\\\Builder\",\n            \"type\": \"->\"\n        },\n        {\n            \"file\": \"C:\\\\Users\\\\kudak\\\\OneDrive\\\\Documents\\\\GitHub\\\\Org_mgmnt_sys\\\\web_app\\\\vendor\\\\laravel\\\\framework\\\\src\\\\Illuminate\\\\Database\\\\Query\\\\Builder.php\",\n            \"line\": 3294,\n            \"function\": \"Illuminate\\\\Database\\\\Query\\\\{closure}\",\n            \"class\": \"Illuminate\\\\Database\\\\Query\\\\Builder\",\n            \"type\": \"->\"\n        },\n        {\n            \"file\": \"C:\\\\Users\\\\kudak\\\\OneDrive\\\\Documents\\\\GitHub\\\\Org_mgmnt_sys\\\\web_app\\\\vendor\\\\laravel\\\\framework\\\\src\\\\Illuminate\\\\Database\\\\Query\\\\Builder.php\",\n            \"line\": 2739,\n            \"function\": \"onceWithColumns\",\n            \"class\": \"Illuminate\\\\Database\\\\Query\\\\Builder\",\n            \"type\": \"->\"\n        },\n        {\n            \"file\": \"C:\\\\Users\\\\kudak\\\\OneDrive\\\\Documents\\\\GitHub\\\\Org_mgmnt_sys\\\\web_app\\\\vendor\\\\laravel\\\\framework\\\\src\\\\Illuminate\\\\Database\\\\Eloquent\\\\Builder.php\",\n            \"line\": 737,\n            \"function\": \"get\",\n            \"class\": \"Illuminate\\\\Database\\\\Query\\\\Builder\",\n            \"type\": \"->\"\n        },\n        {\n            \"file\": \"C:\\\\Users\\\\kudak\\\\OneDrive\\\\Documents\\\\GitHub\\\\Org_mgmnt_sys\\\\web_app\\\\vendor\\\\laravel\\\\framework\\\\src\\\\Illuminate\\\\Database\\\\Eloquent\\\\Builder.php\",\n            \"line\": 721,\n            \"function\": \"getModels\",\n            \"class\": \"Illuminate\\\\Database\\\\Eloquent\\\\Builder\",\n            \"type\": \"->\"\n        },\n        {\n            \"file\": \"C:\\\\Users\\\\kudak\\\\OneDrive\\\\Documents\\\\GitHub\\\\Org_mgmnt_sys\\\\web_app\\\\vendor\\\\laravel\\\\framework\\\\src\\\\Illuminate\\\\Database\\\\Concerns\\\\BuildsQueries.php\",\n            \"line\": 333,\n            \"function\": \"get\",\n            \"class\": \"Illuminate\\\\Database\\\\Eloquent\\\\Builder\",\n            \"type\": \"->\"\n        },\n        {\n            \"file\": \"C:\\\\Users\\\\kudak\\\\OneDrive\\\\Documents\\\\GitHub\\\\Org_mgmnt_sys\\\\web_app\\\\vendor\\\\laravel\\\\framework\\\\src\\\\Illuminate\\\\Database\\\\Eloquent\\\\Builder.php\",\n            \"line\": 447,\n            \"function\": \"first\",\n            \"class\": \"Illuminate\\\\Database\\\\Eloquent\\\\Builder\",\n            \"type\": \"->\"\n        },\n        {\n            \"file\": \"C:\\\\Users\\\\kudak\\\\OneDrive\\\\Documents\\\\GitHub\\\\Org_mgmnt_sys\\\\web_app\\\\vendor\\\\laravel\\\\framework\\\\src\\\\Illuminate\\\\Database\\\\Eloquent\\\\Builder.php\",\n            \"line\": 479,\n            \"function\": \"find\",\n            \"class\": \"Illuminate\\\\Database\\\\Eloquent\\\\Builder\",\n            \"type\": \"->\"\n        },\n        {\n            \"file\": \"C:\\\\Users\\\\kudak\\\\OneDrive\\\\Documents\\\\GitHub\\\\Org_mgmnt_sys\\\\web_app\\\\vendor\\\\laravel\\\\framework\\\\src\\\\Illuminate\\\\Support\\\\Traits\\\\ForwardsCalls.php\",\n            \"line\": 23,\n            \"function\": \"findOrFail\",\n            \"class\": \"Illuminate\\\\Database\\\\Eloquent\\\\Builder\",\n            \"type\": \"->\"\n        },\n        {\n            \"file\": \"C:\\\\Users\\\\kudak\\\\OneDrive\\\\Documents\\\\GitHub\\\\Org_mgmnt_sys\\\\web_app\\\\vendor\\\\laravel\\\\framework\\\\src\\\\Illuminate\\\\Database\\\\Eloquent\\\\Model.php\",\n            \"line\": 2334,\n            \"function\": \"forwardCallTo\",\n            \"class\": \"Illuminate\\\\Database\\\\Eloquent\\\\Model\",\n            \"type\": \"->\"\n        },\n        {\n            \"file\": \"C:\\\\Users\\\\kudak\\\\OneDrive\\\\Documents\\\\GitHub\\\\Org_mgmnt_sys\\\\web_app\\\\vendor\\\\laravel\\\\framework\\\\src\\\\Illuminate\\\\Database\\\\Eloquent\\\\Model.php\",\n            \"line\": 2346,\n            \"function\": \"__call\",\n            \"class\": \"Illuminate\\\\Database\\\\Eloquent\\\\Model\",\n            \"type\": \"->\"\n        },\n        {\n            \"file\": \"C:\\\\Users\\\\kudak\\\\OneDrive\\\\Documents\\\\GitHub\\\\Org_mgmnt_sys\\\\web_app\\\\app\\\\Http\\\\Controllers\\\\MemberContribution\\\\MemberContributionController.php\",\n            \"line\": 89,\n            \"function\": \"__callStatic\",\n            \"class\": \"Illuminate\\\\Database\\\\Eloquent\\\\Model\",\n            \"type\": \"::\"\n        },\n        {\n            \"file\": \"C:\\\\Users\\\\kudak\\\\OneDrive\\\\Documents\\\\GitHub\\\\Org_mgmnt_sys\\\\web_app\\\\vendor\\\\laravel\\\\framework\\\\src\\\\Illuminate\\\\Routing\\\\Controller.php\",\n            \"line\": 54,\n            \"function\": \"show\",\n            \"class\": \"App\\\\Http\\\\Controllers\\\\MemberContribution\\\\MemberContributionController\",\n            \"type\": \"->\"\n        },\n        {\n            \"file\": \"C:\\\\Users\\\\kudak\\\\OneDrive\\\\Documents\\\\GitHub\\\\Org_mgmnt_sys\\\\web_app\\\\vendor\\\\laravel\\\\framework\\\\src\\\\Illuminate\\\\Routing\\\\ControllerDispatcher.php\",\n            \"line\": 43,\n            \"function\": \"callAction\",\n            \"class\": \"Illuminate\\\\Routing\\\\Controller\",\n            \"type\": \"->\"\n        },\n        {\n            \"file\": \"C:\\\\Users\\\\kudak\\\\OneDrive\\\\Documents\\\\GitHub\\\\Org_mgmnt_sys\\\\web_app\\\\vendor\\\\laravel\\\\framework\\\\src\\\\Illuminate\\\\Routing\\\\Route.php\",\n            \"line\": 259,\n            \"function\": \"dispatch\",\n            \"class\": \"Illuminate\\\\Routing\\\\ControllerDispatcher\",\n            \"type\": \"->\"\n        },\n        {\n            \"file\": \"C:\\\\Users\\\\kudak\\\\OneDrive\\\\Documents\\\\GitHub\\\\Org_mgmnt_sys\\\\web_app\\\\vendor\\\\laravel\\\\framework\\\\src\\\\Illuminate\\\\Routing\\\\Route.php\",\n            \"line\": 205,\n            \"function\": \"runController\",\n            \"class\": \"Illuminate\\\\Routing\\\\Route\",\n            \"type\": \"->\"\n        },\n        {\n            \"file\": \"C:\\\\Users\\\\kudak\\\\OneDrive\\\\Documents\\\\GitHub\\\\Org_mgmnt_sys\\\\web_app\\\\vendor\\\\laravel\\\\framework\\\\src\\\\Illuminate\\\\Routing\\\\Router.php\",\n            \"line\": 806,\n            \"function\": \"run\",\n            \"class\": \"Illuminate\\\\Routing\\\\Route\",\n            \"type\": \"->\"\n        },\n        {\n            \"file\": \"C:\\\\Users\\\\kudak\\\\OneDrive\\\\Documents\\\\GitHub\\\\Org_mgmnt_sys\\\\web_app\\\\vendor\\\\laravel\\\\framework\\\\src\\\\Illuminate\\\\Pipeline\\\\Pipeline.php\",\n            \"line\": 144,\n            \"function\": \"Illuminate\\\\Routing\\\\{closure}\",\n            \"class\": \"Illuminate\\\\Routing\\\\Router\",\n            \"type\": \"->\"\n        },\n        {\n            \"file\": \"C:\\\\Users\\\\kudak\\\\OneDrive\\\\Documents\\\\GitHub\\\\Org_mgmnt_sys\\\\web_app\\\\vendor\\\\laravel\\\\framework\\\\src\\\\Illuminate\\\\Routing\\\\Middleware\\\\SubstituteBindings.php\",\n            \"line\": 50,\n            \"function\": \"Illuminate\\\\Pipeline\\\\{closure}\",\n            \"class\": \"Illuminate\\\\Pipeline\\\\Pipeline\",\n            \"type\": \"->\"\n        },\n        {\n            \"file\": \"C:\\\\Users\\\\kudak\\\\OneDrive\\\\Documents\\\\GitHub\\\\Org_mgmnt_sys\\\\web_app\\\\vendor\\\\laravel\\\\framework\\\\src\\\\Illuminate\\\\Pipeline\\\\Pipeline.php\",\n            \"line\": 183,\n            \"function\": \"handle\",\n            \"class\": \"Illuminate\\\\Routing\\\\Middleware\\\\SubstituteBindings\",\n            \"type\": \"->\"\n        },\n        {\n            \"file\": \"C:\\\\Users\\\\kudak\\\\OneDrive\\\\Documents\\\\GitHub\\\\Org_mgmnt_sys\\\\web_app\\\\vendor\\\\laravel\\\\framework\\\\src\\\\Illuminate\\\\Routing\\\\Middleware\\\\ThrottleRequests.php\",\n            \"line\": 159,\n            \"function\": \"Illuminate\\\\Pipeline\\\\{closure}\",\n            \"class\": \"Illuminate\\\\Pipeline\\\\Pipeline\",\n            \"type\": \"->\"\n        },\n        {\n            \"file\": \"C:\\\\Users\\\\kudak\\\\OneDrive\\\\Documents\\\\GitHub\\\\Org_mgmnt_sys\\\\web_app\\\\vendor\\\\laravel\\\\framework\\\\src\\\\Illuminate\\\\Routing\\\\Middleware\\\\ThrottleRequests.php\",\n            \"line\": 125,\n            \"function\": \"handleRequest\",\n            \"class\": \"Illuminate\\\\Routing\\\\Middleware\\\\ThrottleRequests\",\n            \"type\": \"->\"\n        },\n        {\n            \"file\": \"C:\\\\Users\\\\kudak\\\\OneDrive\\\\Documents\\\\GitHub\\\\Org_mgmnt_sys\\\\web_app\\\\vendor\\\\laravel\\\\framework\\\\src\\\\Illuminate\\\\Routing\\\\Middleware\\\\ThrottleRequests.php\",\n            \"line\": 87,\n            \"function\": \"handleRequestUsingNamedLimiter\",\n            \"class\": \"Illuminate\\\\Routing\\\\Middleware\\\\ThrottleRequests\",\n            \"type\": \"->\"\n        },\n        {\n            \"file\": \"C:\\\\Users\\\\kudak\\\\OneDrive\\\\Documents\\\\GitHub\\\\Org_mgmnt_sys\\\\web_app\\\\vendor\\\\laravel\\\\framework\\\\src\\\\Illuminate\\\\Pipeline\\\\Pipeline.php\",\n            \"line\": 183,\n            \"function\": \"handle\",\n            \"class\": \"Illuminate\\\\Routing\\\\Middleware\\\\ThrottleRequests\",\n            \"type\": \"->\"\n        },\n        {\n            \"file\": \"C:\\\\Users\\\\kudak\\\\OneDrive\\\\Documents\\\\GitHub\\\\Org_mgmnt_sys\\\\web_app\\\\vendor\\\\laravel\\\\framework\\\\src\\\\Illuminate\\\\Pipeline\\\\Pipeline.php\",\n            \"line\": 119,\n            \"function\": \"Illuminate\\\\Pipeline\\\\{closure}\",\n            \"class\": \"Illuminate\\\\Pipeline\\\\Pipeline\",\n            \"type\": \"->\"\n        },\n        {\n            \"file\": \"C:\\\\Users\\\\kudak\\\\OneDrive\\\\Documents\\\\GitHub\\\\Org_mgmnt_sys\\\\web_app\\\\vendor\\\\laravel\\\\framework\\\\src\\\\Illuminate\\\\Routing\\\\Router.php\",\n            \"line\": 805,\n            \"function\": \"then\",\n            \"class\": \"Illuminate\\\\Pipeline\\\\Pipeline\",\n            \"type\": \"->\"\n        },\n        {\n            \"file\": \"C:\\\\Users\\\\kudak\\\\OneDrive\\\\Documents\\\\GitHub\\\\Org_mgmnt_sys\\\\web_app\\\\vendor\\\\laravel\\\\framework\\\\src\\\\Illuminate\\\\Routing\\\\Router.php\",\n            \"line\": 784,\n            \"function\": \"runRouteWithinStack\",\n            \"class\": \"Illuminate\\\\Routing\\\\Router\",\n            \"type\": \"->\"\n        },\n        {\n            \"file\": \"C:\\\\Users\\\\kudak\\\\OneDrive\\\\Documents\\\\GitHub\\\\Org_mgmnt_sys\\\\web_app\\\\vendor\\\\laravel\\\\framework\\\\src\\\\Illuminate\\\\Routing\\\\Router.php\",\n            \"line\": 748,\n            \"function\": \"runRoute\",\n            \"class\": \"Illuminate\\\\Routing\\\\Router\",\n            \"type\": \"->\"\n        },\n        {\n            \"file\": \"C:\\\\Users\\\\kudak\\\\OneDrive\\\\Documents\\\\GitHub\\\\Org_mgmnt_sys\\\\web_app\\\\vendor\\\\laravel\\\\framework\\\\src\\\\Illuminate\\\\Routing\\\\Router.php\",\n            \"line\": 737,\n            \"function\": \"dispatchToRoute\",\n            \"class\": \"Illuminate\\\\Routing\\\\Router\",\n            \"type\": \"->\"\n        },\n        {\n            \"file\": \"C:\\\\Users\\\\kudak\\\\OneDrive\\\\Documents\\\\GitHub\\\\Org_mgmnt_sys\\\\web_app\\\\vendor\\\\laravel\\\\framework\\\\src\\\\Illuminate\\\\Foundation\\\\Http\\\\Kernel.php\",\n            \"line\": 200,\n            \"function\": \"dispatch\",\n            \"class\": \"Illuminate\\\\Routing\\\\Router\",\n            \"type\": \"->\"\n        },\n        {\n            \"file\": \"C:\\\\Users\\\\kudak\\\\OneDrive\\\\Documents\\\\GitHub\\\\Org_mgmnt_sys\\\\web_app\\\\vendor\\\\laravel\\\\framework\\\\src\\\\Illuminate\\\\Pipeline\\\\Pipeline.php\",\n            \"line\": 144,\n            \"function\": \"Illuminate\\\\Foundation\\\\Http\\\\{closure}\",\n            \"class\": \"Illuminate\\\\Foundation\\\\Http\\\\Kernel\",\n            \"type\": \"->\"\n        },\n        {\n            \"file\": \"C:\\\\Users\\\\kudak\\\\OneDrive\\\\Documents\\\\GitHub\\\\Org_mgmnt_sys\\\\web_app\\\\vendor\\\\laravel\\\\framework\\\\src\\\\Illuminate\\\\Foundation\\\\Http\\\\Middleware\\\\TransformsRequest.php\",\n            \"line\": 21,\n            \"function\": \"Illuminate\\\\Pipeline\\\\{closure}\",\n            \"class\": \"Illuminate\\\\Pipeline\\\\Pipeline\",\n            \"type\": \"->\"\n        },\n        {\n            \"file\": \"C:\\\\Users\\\\kudak\\\\OneDrive\\\\Documents\\\\GitHub\\\\Org_mgmnt_sys\\\\web_app\\\\vendor\\\\laravel\\\\framework\\\\src\\\\Illuminate\\\\Foundation\\\\Http\\\\Middleware\\\\ConvertEmptyStringsToNull.php\",\n            \"line\": 31,\n            \"function\": \"handle\",\n            \"class\": \"Illuminate\\\\Foundation\\\\Http\\\\Middleware\\\\TransformsRequest\",\n            \"type\": \"->\"\n        },\n        {\n            \"file\": \"C:\\\\Users\\\\kudak\\\\OneDrive\\\\Documents\\\\GitHub\\\\Org_mgmnt_sys\\\\web_app\\\\vendor\\\\laravel\\\\framework\\\\src\\\\Illuminate\\\\Pipeline\\\\Pipeline.php\",\n            \"line\": 183,\n            \"function\": \"handle\",\n            \"class\": \"Illuminate\\\\Foundation\\\\Http\\\\Middleware\\\\ConvertEmptyStringsToNull\",\n            \"type\": \"->\"\n        },\n        {\n            \"file\": \"C:\\\\Users\\\\kudak\\\\OneDrive\\\\Documents\\\\GitHub\\\\Org_mgmnt_sys\\\\web_app\\\\vendor\\\\laravel\\\\framework\\\\src\\\\Illuminate\\\\Foundation\\\\Http\\\\Middleware\\\\TransformsRequest.php\",\n            \"line\": 21,\n            \"function\": \"Illuminate\\\\Pipeline\\\\{closure}\",\n            \"class\": \"Illuminate\\\\Pipeline\\\\Pipeline\",\n            \"type\": \"->\"\n        },\n        {\n            \"file\": \"C:\\\\Users\\\\kudak\\\\OneDrive\\\\Documents\\\\GitHub\\\\Org_mgmnt_sys\\\\web_app\\\\vendor\\\\laravel\\\\framework\\\\src\\\\Illuminate\\\\Foundation\\\\Http\\\\Middleware\\\\TrimStrings.php\",\n            \"line\": 40,\n            \"function\": \"handle\",\n            \"class\": \"Illuminate\\\\Foundation\\\\Http\\\\Middleware\\\\TransformsRequest\",\n            \"type\": \"->\"\n        },\n        {\n            \"file\": \"C:\\\\Users\\\\kudak\\\\OneDrive\\\\Documents\\\\GitHub\\\\Org_mgmnt_sys\\\\web_app\\\\vendor\\\\laravel\\\\framework\\\\src\\\\Illuminate\\\\Pipeline\\\\Pipeline.php\",\n            \"line\": 183,\n            \"function\": \"handle\",\n            \"class\": \"Illuminate\\\\Foundation\\\\Http\\\\Middleware\\\\TrimStrings\",\n            \"type\": \"->\"\n        },\n        {\n            \"file\": \"C:\\\\Users\\\\kudak\\\\OneDrive\\\\Documents\\\\GitHub\\\\Org_mgmnt_sys\\\\web_app\\\\vendor\\\\laravel\\\\framework\\\\src\\\\Illuminate\\\\Foundation\\\\Http\\\\Middleware\\\\ValidatePostSize.php\",\n            \"line\": 27,\n            \"function\": \"Illuminate\\\\Pipeline\\\\{closure}\",\n            \"class\": \"Illuminate\\\\Pipeline\\\\Pipeline\",\n            \"type\": \"->\"\n        },\n        {\n            \"file\": \"C:\\\\Users\\\\kudak\\\\OneDrive\\\\Documents\\\\GitHub\\\\Org_mgmnt_sys\\\\web_app\\\\vendor\\\\laravel\\\\framework\\\\src\\\\Illuminate\\\\Pipeline\\\\Pipeline.php\",\n            \"line\": 183,\n            \"function\": \"handle\",\n            \"class\": \"Illuminate\\\\Foundation\\\\Http\\\\Middleware\\\\ValidatePostSize\",\n            \"type\": \"->\"\n        },\n        {\n            \"file\": \"C:\\\\Users\\\\kudak\\\\OneDrive\\\\Documents\\\\GitHub\\\\Org_mgmnt_sys\\\\web_app\\\\vendor\\\\laravel\\\\framework\\\\src\\\\Illuminate\\\\Foundation\\\\Http\\\\Middleware\\\\PreventRequestsDuringMaintenance.php\",\n            \"line\": 99,\n            \"function\": \"Illuminate\\\\Pipeline\\\\{closure}\",\n            \"class\": \"Illuminate\\\\Pipeline\\\\Pipeline\",\n            \"type\": \"->\"\n        },\n        {\n            \"file\": \"C:\\\\Users\\\\kudak\\\\OneDrive\\\\Documents\\\\GitHub\\\\Org_mgmnt_sys\\\\web_app\\\\vendor\\\\laravel\\\\framework\\\\src\\\\Illuminate\\\\Pipeline\\\\Pipeline.php\",\n            \"line\": 183,\n            \"function\": \"handle\",\n            \"class\": \"Illuminate\\\\Foundation\\\\Http\\\\Middleware\\\\PreventRequestsDuringMaintenance\",\n            \"type\": \"->\"\n        },\n        {\n            \"file\": \"C:\\\\Users\\\\kudak\\\\OneDrive\\\\Documents\\\\GitHub\\\\Org_mgmnt_sys\\\\web_app\\\\vendor\\\\laravel\\\\framework\\\\src\\\\Illuminate\\\\Http\\\\Middleware\\\\HandleCors.php\",\n            \"line\": 62,\n            \"function\": \"Illuminate\\\\Pipeline\\\\{closure}\",\n            \"class\": \"Illuminate\\\\Pipeline\\\\Pipeline\",\n            \"type\": \"->\"\n        },\n        {\n            \"file\": \"C:\\\\Users\\\\kudak\\\\OneDrive\\\\Documents\\\\GitHub\\\\Org_mgmnt_sys\\\\web_app\\\\vendor\\\\laravel\\\\framework\\\\src\\\\Illuminate\\\\Pipeline\\\\Pipeline.php\",\n            \"line\": 183,\n            \"function\": \"handle\",\n            \"class\": \"Illuminate\\\\Http\\\\Middleware\\\\HandleCors\",\n            \"type\": \"->\"\n        },\n        {\n            \"file\": \"C:\\\\Users\\\\kudak\\\\OneDrive\\\\Documents\\\\GitHub\\\\Org_mgmnt_sys\\\\web_app\\\\vendor\\\\laravel\\\\framework\\\\src\\\\Illuminate\\\\Http\\\\Middleware\\\\TrustProxies.php\",\n            \"line\": 39,\n            \"function\": \"Illuminate\\\\Pipeline\\\\{closure}\",\n            \"class\": \"Illuminate\\\\Pipeline\\\\Pipeline\",\n            \"type\": \"->\"\n        },\n        {\n            \"file\": \"C:\\\\Users\\\\kudak\\\\OneDrive\\\\Documents\\\\GitHub\\\\Org_mgmnt_sys\\\\web_app\\\\vendor\\\\laravel\\\\framework\\\\src\\\\Illuminate\\\\Pipeline\\\\Pipeline.php\",\n            \"line\": 183,\n            \"function\": \"handle\",\n            \"class\": \"Illuminate\\\\Http\\\\Middleware\\\\TrustProxies\",\n            \"type\": \"->\"\n        },\n        {\n            \"file\": \"C:\\\\Users\\\\kudak\\\\OneDrive\\\\Documents\\\\GitHub\\\\Org_mgmnt_sys\\\\web_app\\\\vendor\\\\laravel\\\\framework\\\\src\\\\Illuminate\\\\Pipeline\\\\Pipeline.php\",\n            \"line\": 119,\n            \"function\": \"Illuminate\\\\Pipeline\\\\{closure}\",\n            \"class\": \"Illuminate\\\\Pipeline\\\\Pipeline\",\n            \"type\": \"->\"\n        },\n        {\n            \"file\": \"C:\\\\Users\\\\kudak\\\\OneDrive\\\\Documents\\\\GitHub\\\\Org_mgmnt_sys\\\\web_app\\\\vendor\\\\laravel\\\\framework\\\\src\\\\Illuminate\\\\Foundation\\\\Http\\\\Kernel.php\",\n            \"line\": 175,\n            \"function\": \"then\",\n            \"class\": \"Illuminate\\\\Pipeline\\\\Pipeline\",\n            \"type\": \"->\"\n        },\n        {\n            \"file\": \"C:\\\\Users\\\\kudak\\\\OneDrive\\\\Documents\\\\GitHub\\\\Org_mgmnt_sys\\\\web_app\\\\vendor\\\\laravel\\\\framework\\\\src\\\\Illuminate\\\\Foundation\\\\Http\\\\Kernel.php\",\n            \"line\": 144,\n            \"function\": \"sendRequestThroughRouter\",\n            \"class\": \"Illuminate\\\\Foundation\\\\Http\\\\Kernel\",\n            \"type\": \"->\"\n        },\n        {\n            \"file\": \"C:\\\\Users\\\\kudak\\\\OneDrive\\\\Documents\\\\GitHub\\\\Org_mgmnt_sys\\\\web_app\\\\vendor\\\\knuckleswtf\\\\scribe\\\\src\\\\Extracting\\\\Strategies\\\\Responses\\\\ResponseCalls.php\",\n            \"line\": 300,\n            \"function\": \"handle\",\n            \"class\": \"Illuminate\\\\Foundation\\\\Http\\\\Kernel\",\n            \"type\": \"->\"\n        },\n        {\n            \"file\": \"C:\\\\Users\\\\kudak\\\\OneDrive\\\\Documents\\\\GitHub\\\\Org_mgmnt_sys\\\\web_app\\\\vendor\\\\knuckleswtf\\\\scribe\\\\src\\\\Extracting\\\\Strategies\\\\Responses\\\\ResponseCalls.php\",\n            \"line\": 288,\n            \"function\": \"callLaravelOrLumenRoute\",\n            \"class\": \"Knuckles\\\\Scribe\\\\Extracting\\\\Strategies\\\\Responses\\\\ResponseCalls\",\n            \"type\": \"->\"\n        },\n        {\n            \"file\": \"C:\\\\Users\\\\kudak\\\\OneDrive\\\\Documents\\\\GitHub\\\\Org_mgmnt_sys\\\\web_app\\\\vendor\\\\knuckleswtf\\\\scribe\\\\src\\\\Extracting\\\\Strategies\\\\Responses\\\\ResponseCalls.php\",\n            \"line\": 91,\n            \"function\": \"makeApiCall\",\n            \"class\": \"Knuckles\\\\Scribe\\\\Extracting\\\\Strategies\\\\Responses\\\\ResponseCalls\",\n            \"type\": \"->\"\n        },\n        {\n            \"file\": \"C:\\\\Users\\\\kudak\\\\OneDrive\\\\Documents\\\\GitHub\\\\Org_mgmnt_sys\\\\web_app\\\\vendor\\\\knuckleswtf\\\\scribe\\\\src\\\\Extracting\\\\Strategies\\\\Responses\\\\ResponseCalls.php\",\n            \"line\": 44,\n            \"function\": \"makeResponseCall\",\n            \"class\": \"Knuckles\\\\Scribe\\\\Extracting\\\\Strategies\\\\Responses\\\\ResponseCalls\",\n            \"type\": \"->\"\n        },\n        {\n            \"file\": \"C:\\\\Users\\\\kudak\\\\OneDrive\\\\Documents\\\\GitHub\\\\Org_mgmnt_sys\\\\web_app\\\\vendor\\\\knuckleswtf\\\\scribe\\\\src\\\\Extracting\\\\Strategies\\\\Responses\\\\ResponseCalls.php\",\n            \"line\": 35,\n            \"function\": \"makeResponseCallIfConditionsPass\",\n            \"class\": \"Knuckles\\\\Scribe\\\\Extracting\\\\Strategies\\\\Responses\\\\ResponseCalls\",\n            \"type\": \"->\"\n        },\n        {\n            \"file\": \"C:\\\\Users\\\\kudak\\\\OneDrive\\\\Documents\\\\GitHub\\\\Org_mgmnt_sys\\\\web_app\\\\vendor\\\\knuckleswtf\\\\scribe\\\\src\\\\Extracting\\\\Extractor.php\",\n            \"line\": 236,\n            \"function\": \"__invoke\",\n            \"class\": \"Knuckles\\\\Scribe\\\\Extracting\\\\Strategies\\\\Responses\\\\ResponseCalls\",\n            \"type\": \"->\"\n        },\n        {\n            \"file\": \"C:\\\\Users\\\\kudak\\\\OneDrive\\\\Documents\\\\GitHub\\\\Org_mgmnt_sys\\\\web_app\\\\vendor\\\\knuckleswtf\\\\scribe\\\\src\\\\Extracting\\\\Extractor.php\",\n            \"line\": 163,\n            \"function\": \"iterateThroughStrategies\",\n            \"class\": \"Knuckles\\\\Scribe\\\\Extracting\\\\Extractor\",\n            \"type\": \"->\"\n        },\n        {\n            \"file\": \"C:\\\\Users\\\\kudak\\\\OneDrive\\\\Documents\\\\GitHub\\\\Org_mgmnt_sys\\\\web_app\\\\vendor\\\\knuckleswtf\\\\scribe\\\\src\\\\Extracting\\\\Extractor.php\",\n            \"line\": 95,\n            \"function\": \"fetchResponses\",\n            \"class\": \"Knuckles\\\\Scribe\\\\Extracting\\\\Extractor\",\n            \"type\": \"->\"\n        },\n        {\n            \"file\": \"C:\\\\Users\\\\kudak\\\\OneDrive\\\\Documents\\\\GitHub\\\\Org_mgmnt_sys\\\\web_app\\\\vendor\\\\knuckleswtf\\\\scribe\\\\src\\\\GroupedEndpoints\\\\GroupedEndpointsFromApp.php\",\n            \"line\": 125,\n            \"function\": \"processRoute\",\n            \"class\": \"Knuckles\\\\Scribe\\\\Extracting\\\\Extractor\",\n            \"type\": \"->\"\n        },\n        {\n            \"file\": \"C:\\\\Users\\\\kudak\\\\OneDrive\\\\Documents\\\\GitHub\\\\Org_mgmnt_sys\\\\web_app\\\\vendor\\\\knuckleswtf\\\\scribe\\\\src\\\\GroupedEndpoints\\\\GroupedEndpointsFromApp.php\",\n            \"line\": 72,\n            \"function\": \"extractEndpointsInfoFromLaravelApp\",\n            \"class\": \"Knuckles\\\\Scribe\\\\GroupedEndpoints\\\\GroupedEndpointsFromApp\",\n            \"type\": \"->\"\n        },\n        {\n            \"file\": \"C:\\\\Users\\\\kudak\\\\OneDrive\\\\Documents\\\\GitHub\\\\Org_mgmnt_sys\\\\web_app\\\\vendor\\\\knuckleswtf\\\\scribe\\\\src\\\\GroupedEndpoints\\\\GroupedEndpointsFromApp.php\",\n            \"line\": 50,\n            \"function\": \"extractEndpointsInfoAndWriteToDisk\",\n            \"class\": \"Knuckles\\\\Scribe\\\\GroupedEndpoints\\\\GroupedEndpointsFromApp\",\n            \"type\": \"->\"\n        },\n        {\n            \"file\": \"C:\\\\Users\\\\kudak\\\\OneDrive\\\\Documents\\\\GitHub\\\\Org_mgmnt_sys\\\\web_app\\\\vendor\\\\knuckleswtf\\\\scribe\\\\src\\\\Commands\\\\GenerateDocumentation.php\",\n            \"line\": 53,\n            \"function\": \"get\",\n            \"class\": \"Knuckles\\\\Scribe\\\\GroupedEndpoints\\\\GroupedEndpointsFromApp\",\n            \"type\": \"->\"\n        },\n        {\n            \"file\": \"C:\\\\Users\\\\kudak\\\\OneDrive\\\\Documents\\\\GitHub\\\\Org_mgmnt_sys\\\\web_app\\\\vendor\\\\laravel\\\\framework\\\\src\\\\Illuminate\\\\Container\\\\BoundMethod.php\",\n            \"line\": 36,\n            \"function\": \"handle\",\n            \"class\": \"Knuckles\\\\Scribe\\\\Commands\\\\GenerateDocumentation\",\n            \"type\": \"->\"\n        },\n        {\n            \"file\": \"C:\\\\Users\\\\kudak\\\\OneDrive\\\\Documents\\\\GitHub\\\\Org_mgmnt_sys\\\\web_app\\\\vendor\\\\laravel\\\\framework\\\\src\\\\Illuminate\\\\Container\\\\Util.php\",\n            \"line\": 41,\n            \"function\": \"Illuminate\\\\Container\\\\{closure}\",\n            \"class\": \"Illuminate\\\\Container\\\\BoundMethod\",\n            \"type\": \"::\"\n        },\n        {\n            \"file\": \"C:\\\\Users\\\\kudak\\\\OneDrive\\\\Documents\\\\GitHub\\\\Org_mgmnt_sys\\\\web_app\\\\vendor\\\\laravel\\\\framework\\\\src\\\\Illuminate\\\\Container\\\\BoundMethod.php\",\n            \"line\": 93,\n            \"function\": \"unwrapIfClosure\",\n            \"class\": \"Illuminate\\\\Container\\\\Util\",\n            \"type\": \"::\"\n        },\n        {\n            \"file\": \"C:\\\\Users\\\\kudak\\\\OneDrive\\\\Documents\\\\GitHub\\\\Org_mgmnt_sys\\\\web_app\\\\vendor\\\\laravel\\\\framework\\\\src\\\\Illuminate\\\\Container\\\\BoundMethod.php\",\n            \"line\": 35,\n            \"function\": \"callBoundMethod\",\n            \"class\": \"Illuminate\\\\Container\\\\BoundMethod\",\n            \"type\": \"::\"\n        },\n        {\n            \"file\": \"C:\\\\Users\\\\kudak\\\\OneDrive\\\\Documents\\\\GitHub\\\\Org_mgmnt_sys\\\\web_app\\\\vendor\\\\laravel\\\\framework\\\\src\\\\Illuminate\\\\Container\\\\Container.php\",\n            \"line\": 662,\n            \"function\": \"call\",\n            \"class\": \"Illuminate\\\\Container\\\\BoundMethod\",\n            \"type\": \"::\"\n        },\n        {\n            \"file\": \"C:\\\\Users\\\\kudak\\\\OneDrive\\\\Documents\\\\GitHub\\\\Org_mgmnt_sys\\\\web_app\\\\vendor\\\\laravel\\\\framework\\\\src\\\\Illuminate\\\\Console\\\\Command.php\",\n            \"line\": 211,\n            \"function\": \"call\",\n            \"class\": \"Illuminate\\\\Container\\\\Container\",\n            \"type\": \"->\"\n        },\n        {\n            \"file\": \"C:\\\\Users\\\\kudak\\\\OneDrive\\\\Documents\\\\GitHub\\\\Org_mgmnt_sys\\\\web_app\\\\vendor\\\\symfony\\\\console\\\\Command\\\\Command.php\",\n            \"line\": 326,\n            \"function\": \"execute\",\n            \"class\": \"Illuminate\\\\Console\\\\Command\",\n            \"type\": \"->\"\n        },\n        {\n            \"file\": \"C:\\\\Users\\\\kudak\\\\OneDrive\\\\Documents\\\\GitHub\\\\Org_mgmnt_sys\\\\web_app\\\\vendor\\\\laravel\\\\framework\\\\src\\\\Illuminate\\\\Console\\\\Command.php\",\n            \"line\": 180,\n            \"function\": \"run\",\n            \"class\": \"Symfony\\\\Component\\\\Console\\\\Command\\\\Command\",\n            \"type\": \"->\"\n        },\n        {\n            \"file\": \"C:\\\\Users\\\\kudak\\\\OneDrive\\\\Documents\\\\GitHub\\\\Org_mgmnt_sys\\\\web_app\\\\vendor\\\\symfony\\\\console\\\\Application.php\",\n            \"line\": 1096,\n            \"function\": \"run\",\n            \"class\": \"Illuminate\\\\Console\\\\Command\",\n            \"type\": \"->\"\n        },\n        {\n            \"file\": \"C:\\\\Users\\\\kudak\\\\OneDrive\\\\Documents\\\\GitHub\\\\Org_mgmnt_sys\\\\web_app\\\\vendor\\\\symfony\\\\console\\\\Application.php\",\n            \"line\": 324,\n            \"function\": \"doRunCommand\",\n            \"class\": \"Symfony\\\\Component\\\\Console\\\\Application\",\n            \"type\": \"->\"\n        },\n        {\n            \"file\": \"C:\\\\Users\\\\kudak\\\\OneDrive\\\\Documents\\\\GitHub\\\\Org_mgmnt_sys\\\\web_app\\\\vendor\\\\symfony\\\\console\\\\Application.php\",\n            \"line\": 175,\n            \"function\": \"doRun\",\n            \"class\": \"Symfony\\\\Component\\\\Console\\\\Application\",\n            \"type\": \"->\"\n        },\n        {\n            \"file\": \"C:\\\\Users\\\\kudak\\\\OneDrive\\\\Documents\\\\GitHub\\\\Org_mgmnt_sys\\\\web_app\\\\vendor\\\\laravel\\\\framework\\\\src\\\\Illuminate\\\\Foundation\\\\Console\\\\Kernel.php\",\n            \"line\": 201,\n            \"function\": \"run\",\n            \"class\": \"Symfony\\\\Component\\\\Console\\\\Application\",\n            \"type\": \"->\"\n        },\n        {\n            \"file\": \"C:\\\\Users\\\\kudak\\\\OneDrive\\\\Documents\\\\GitHub\\\\Org_mgmnt_sys\\\\web_app\\\\artisan\",\n            \"line\": 35,\n            \"function\": \"handle\",\n            \"class\": \"Illuminate\\\\Foundation\\\\Console\\\\Kernel\",\n            \"type\": \"->\"\n        }\n    ]\n}",
                            "name": ""
                        }
                    ]
                },
                {
                    "name": "Store a new member contribution in the database and return it as a JSON resource.",
                    "request": {
                        "url": {
                            "host": "{{baseUrl}}",
                            "path": "api\/v1\/members_contribution",
                            "query": [],
                            "raw": "{{baseUrl}}\/api\/v1\/members_contribution"
                        },
                        "method": "POST",
                        "header": [
                            {
                                "key": "Content-Type",
                                "value": "application\/json"
                            },
                            {
                                "key": "Accept",
                                "value": "application\/json"
                            }
                        ],
                        "body": null,
                        "description": "",
                        "auth": {
                            "type": "noauth"
                        }
                    },
                    "response": []
                },
                {
                    "name": "Update an existing member contribution in the database and return it as a JSON resource.",
                    "request": {
                        "url": {
                            "host": "{{baseUrl}}",
                            "path": "api\/v1\/members_contribution\/:id",
                            "query": [],
                            "raw": "{{baseUrl}}\/api\/v1\/members_contribution\/:id",
                            "variable": [
                                {
                                    "id": "id",
                                    "key": "id",
                                    "value": "aliquid",
                                    "description": "The ID of the members contribution."
                                }
                            ]
                        },
                        "method": "PUT",
                        "header": [
                            {
                                "key": "Content-Type",
                                "value": "application\/json"
                            },
                            {
                                "key": "Accept",
                                "value": "application\/json"
                            }
                        ],
                        "body": null,
                        "description": "",
                        "auth": {
                            "type": "noauth"
                        }
                    },
                    "response": []
                },
                {
                    "name": "Delete a member contribution from the database.",
                    "request": {
                        "url": {
                            "host": "{{baseUrl}}",
                            "path": "api\/v1\/members_contribution\/:id",
                            "query": [],
                            "raw": "{{baseUrl}}\/api\/v1\/members_contribution\/:id",
                            "variable": [
                                {
                                    "id": "id",
                                    "key": "id",
                                    "value": "delectus",
                                    "description": "The ID of the members contribution."
                                }
                            ]
                        },
                        "method": "DELETE",
                        "header": [
                            {
                                "key": "Content-Type",
                                "value": "application\/json"
                            },
                            {
                                "key": "Accept",
                                "value": "application\/json"
                            }
                        ],
                        "body": null,
                        "description": "",
                        "auth": {
                            "type": "noauth"
                        }
                    },
                    "response": []
                },
                {
                    "name": "POST api\/v1\/login",
                    "request": {
                        "url": {
                            "host": "{{baseUrl}}",
                            "path": "api\/v1\/login",
                            "query": [],
                            "raw": "{{baseUrl}}\/api\/v1\/login"
                        },
                        "method": "POST",
                        "header": [
                            {
                                "key": "Content-Type",
                                "value": "application\/json"
                            },
                            {
                                "key": "Accept",
                                "value": "application\/json"
                            }
                        ],
                        "body": null,
                        "description": "",
                        "auth": {
                            "type": "noauth"
                        }
                    },
                    "response": []
                },
                {
                    "name": "POST api\/v1\/register",
                    "request": {
                        "url": {
                            "host": "{{baseUrl}}",
                            "path": "api\/v1\/register",
                            "query": [],
                            "raw": "{{baseUrl}}\/api\/v1\/register"
                        },
                        "method": "POST",
                        "header": [
                            {
                                "key": "Content-Type",
                                "value": "application\/json"
                            },
                            {
                                "key": "Accept",
                                "value": "application\/json"
                            }
                        ],
                        "body": null,
                        "description": "",
                        "auth": {
                            "type": "noauth"
                        }
                    },
                    "response": []
                }
            ]
        }
    ],
    "auth": {
        "type": "noauth"
    }
}